-- phpMyAdmin SQL Dump
-- version 5.0.4
-- https://www.phpmyadmin.net/
--
-- Host: 127.0.0.1
-- Generation Time: Sep 27, 2021 at 08:48 AM
-- Server version: 10.4.17-MariaDB
-- PHP Version: 7.4.14

SET SQL_MODE = "NO_AUTO_VALUE_ON_ZERO";
START TRANSACTION;
SET time_zone = "+00:00";


/*!40101 SET @OLD_CHARACTER_SET_CLIENT=@@CHARACTER_SET_CLIENT */;
/*!40101 SET @OLD_CHARACTER_SET_RESULTS=@@CHARACTER_SET_RESULTS */;
/*!40101 SET @OLD_COLLATION_CONNECTION=@@COLLATION_CONNECTION */;
/*!40101 SET NAMES utf8mb4 */;

--
-- Database: `laravel_8_fresh_setup`
--

-- --------------------------------------------------------

--
-- Table structure for table `dynamic_routes`
--

CREATE TABLE `dynamic_routes` (
  `id` bigint(20) UNSIGNED NOT NULL,
  `title` varchar(255) COLLATE utf8mb4_unicode_ci NOT NULL,
  `url` varchar(255) COLLATE utf8mb4_unicode_ci DEFAULT NULL,
  `model_name` varchar(255) COLLATE utf8mb4_unicode_ci DEFAULT NULL,
  `content` text COLLATE utf8mb4_unicode_ci DEFAULT NULL,
  `controller_action` varchar(255) COLLATE utf8mb4_unicode_ci DEFAULT NULL,
  `function_name` varchar(255) COLLATE utf8mb4_unicode_ci DEFAULT NULL,
  `method` varchar(255) COLLATE utf8mb4_unicode_ci DEFAULT NULL COMMENT 'get,post',
  `route_type` tinyint(1) DEFAULT 1 COMMENT '1=main,0=public',
  `parameter` varchar(255) COLLATE utf8mb4_unicode_ci DEFAULT NULL,
  `route_status` tinyint(1) NOT NULL DEFAULT 1 COMMENT '1=active,0=not active',
  `show_in_menu` int(11) DEFAULT 0 COMMENT '0=no,1=yes',
  `ajax` varchar(255) COLLATE utf8mb4_unicode_ci DEFAULT '0',
  `created_at` timestamp NULL DEFAULT NULL,
  `updated_at` timestamp NULL DEFAULT NULL
) ENGINE=InnoDB DEFAULT CHARSET=utf8mb4 COLLATE=utf8mb4_unicode_ci ROW_FORMAT=DYNAMIC;

--
-- Dumping data for table `dynamic_routes`
--

INSERT INTO `dynamic_routes` (`id`, `title`, `url`, `model_name`, `content`, `controller_action`, `function_name`, `method`, `route_type`, `parameter`, `route_status`, `show_in_menu`, `ajax`, `created_at`, `updated_at`) VALUES
(1, 'adminDashboard', 'adminDashboard', 'AdminDashboard', NULL, 'AdminDashboarController', 'index', 'get', 1, NULL, 1, 0, '0', NULL, '2021-01-17 22:36:57'),
(3, 'Show Routs', 'dynamic_route', 'Route', NULL, 'RouteController', 'dynamic_route', 'get', 1, NULL, 1, 1, '0', '2020-12-23 17:11:03', '2021-03-18 09:19:43'),
(4, 'ADD Route', 'dynamic_route', 'Route', NULL, 'RouteController', 'save_dynamic_route', 'Post', 1, NULL, 1, 0, '0', '2020-12-23 17:13:07', '2020-12-23 17:13:07'),
(5, 'Roles', 'role/all_role', 'Role', NULL, 'RoleController', 'all_role', 'get', 1, NULL, 1, 1, '0', '2020-12-23 17:35:33', '2021-06-10 07:00:32'),
(6, 'Add Role', 'role/add_role', 'Role', NULL, 'RoleController', 'add_role', 'get', 1, NULL, 1, 1, '0', '2020-12-23 17:36:01', '2021-06-10 06:59:12'),
(8, 'save role', 'save_role', 'Role', NULL, 'RoleController', 'save_role', 'Post', 1, NULL, 1, 0, '0', '2020-12-23 21:10:26', '2020-12-26 17:36:28'),
(9, 'Show Users', 'all_user', 'User', NULL, 'UserController', 'all_user', 'get', 1, NULL, 1, 1, '0', '2020-12-23 21:40:53', '2021-03-18 09:20:11'),
(10, 'save user', 'save_user', 'User', NULL, 'UserController', 'save_user', 'Post', 1, NULL, 1, 0, '0', '2020-12-23 21:54:33', '2020-12-23 21:54:33'),
(11, 'Edit Role', 'edit_role', 'Role', NULL, 'RoleController', 'edit_role', 'get', 1, '{id}', 1, 0, '0', '2020-12-26 16:22:10', '2020-12-26 17:28:54'),
(12, 'Update Role', 'update_role', 'Role', NULL, 'RoleController', 'update_role', 'Post', 1, '{id}', 1, 0, '0', '2020-12-26 16:46:07', '2021-01-11 22:25:35'),
(13, 'Delete Role', 'delete_role', 'Role', NULL, 'RoleController', 'delete_role', 'get', 1, '{id}', 1, 0, '0', '2020-12-26 16:56:05', '2020-12-26 16:56:05'),
(14, 'Delete Route', 'delete_route', 'Route', NULL, 'RouteController', 'delete_route', 'get', 1, '{id}', 1, 0, '0', '2020-12-26 16:59:22', '2020-12-26 16:59:22'),
(16, 'Edit Route', 'edit_route', 'Route', NULL, 'RouteController', 'edit_route', 'get', 0, '{id}', 1, 0, '0', '2020-12-26 17:03:02', '2020-12-26 17:16:35'),
(19, 'Update Route', 'update_route', 'Route', NULL, 'RouteController', 'update_route', 'Post', 1, '{id}', 1, 0, '0', '2020-12-26 17:13:20', '2020-12-26 17:13:20'),
(91, 'Chnage Password', 'admin/change_password', 'AdminDashboard', NULL, 'AdminDashboarController', 'change_password', 'get', 1, NULL, 1, 0, '0', '2021-01-17 22:38:34', '2021-01-18 18:20:41'),
(92, 'Save Change Password', 'admin/save_change_password', 'AdminDashboard', NULL, 'AdminDashboarController', 'save_change_password', 'Post', 1, NULL, 1, 0, '0', '2021-01-19 18:04:46', '2021-01-19 18:04:46'),
(93, 'Edit User', 'edit_user', 'User', NULL, 'UserController', 'edit_user', 'get', 1, '{id}', 1, 0, '1', '2021-01-20 21:42:58', '2021-01-20 21:42:58'),
(94, 'Upadte User', 'upadte_user', 'User', NULL, 'UserController', 'upadte_user', 'Post', 1, NULL, 1, 0, '0', '2021-01-20 22:11:40', '2021-01-20 22:27:28'),
(95, 'Suspend user', 'suspend_user', 'User', NULL, 'UserController', 'suspend_user', 'get', 1, '{id}', 1, 0, '0', '2021-01-20 22:34:00', '2021-01-20 22:34:00'),
(96, 'unsuspend user', 'unsuspend_user', 'User', NULL, 'UserController', 'unsuspend_user', 'get', 1, '{id}', 1, 0, '0', '2021-01-20 22:58:06', '2021-01-20 22:58:06'),
(127, 'Delete user', 'delete_user', 'User', NULL, 'UserController', 'delete_user', 'get', 1, '{id}', 1, 0, '0', '2021-06-10 06:50:43', '2021-06-10 06:50:43'),
(130, 'Test Menu', 'test', 'ModelMenu', NULL, 'MenuController', 'getLevel3Childern', 'get', 1, '{id}', 1, 1, '1', '2021-06-24 06:27:04', '2021-06-24 06:27:04'),
(131, 'Create menu', 'menu/menu_create', 'Menu', NULL, 'MenuController', 'create_menu', 'get', 1, NULL, 1, 1, '0', '2021-06-29 17:33:06', '2021-06-29 17:33:06'),
(133, 'Save Menu', 'menu/menu_save', 'Menu', NULL, 'MenuController', 'menu_save', 'Post', 1, NULL, 1, 0, '0', '2021-07-04 15:03:45', '2021-07-04 15:49:37'),
(134, 'ALL Menu', 'menu/all_menu', 'Menu', NULL, 'MenuController', 'all_menu', 'get', 1, NULL, 1, 1, '0', '2021-07-04 16:03:13', '2021-07-04 16:03:13'),
(135, 'Search Menu', 'menu/menu_search', 'Menu', NULL, 'MenuController', 'menu_search', 'Post', 1, NULL, 1, 0, '1', '2021-07-04 17:15:11', '2021-07-04 17:15:11'),
(138, 'Edit Menu', 'menu/edit_menu', 'Menu', NULL, 'MenuController', 'edit_menu', 'get', 1, '{id}', 1, 0, '0', '2021-07-05 11:49:25', '2021-07-05 11:49:25'),
(139, 'Update Menu', 'menu/update_menu', 'Menu', NULL, 'MenuController', 'update_menu', 'Post', 1, '{id}', 1, 0, '0', '2021-07-05 11:50:06', '2021-07-05 11:58:36');

-- --------------------------------------------------------

--
-- Table structure for table `failed_jobs`
--

CREATE TABLE `failed_jobs` (
  `id` bigint(20) UNSIGNED NOT NULL,
  `uuid` varchar(255) COLLATE utf8mb4_unicode_ci NOT NULL,
  `connection` text COLLATE utf8mb4_unicode_ci NOT NULL,
  `queue` text COLLATE utf8mb4_unicode_ci NOT NULL,
  `payload` longtext COLLATE utf8mb4_unicode_ci NOT NULL,
  `exception` longtext COLLATE utf8mb4_unicode_ci NOT NULL,
  `failed_at` timestamp NOT NULL DEFAULT current_timestamp()
) ENGINE=InnoDB DEFAULT CHARSET=utf8mb4 COLLATE=utf8mb4_unicode_ci;

-- --------------------------------------------------------

--
-- Table structure for table `master_menu`
--

CREATE TABLE `master_menu` (
  `id` bigint(20) UNSIGNED NOT NULL,
  `menu_name` varchar(100) NOT NULL,
  `menu_name_bn` varchar(100) NOT NULL,
  `menu_parent_id` bigint(20) UNSIGNED DEFAULT NULL,
  `menu_is_active` int(11) DEFAULT NULL,
  `menu_icon_class` varchar(100) DEFAULT NULL,
  `menu_dynamic_route_id` bigint(20) UNSIGNED DEFAULT NULL,
  `created_at` timestamp NOT NULL DEFAULT current_timestamp() ON UPDATE current_timestamp(),
  `updated_at` timestamp NULL DEFAULT NULL,
  `created_by` int(11) NOT NULL,
  `updated_by` int(11) DEFAULT NULL
) ENGINE=InnoDB DEFAULT CHARSET=utf8mb4 ROW_FORMAT=DYNAMIC;

--
-- Dumping data for table `master_menu`
--

INSERT INTO `master_menu` (`id`, `menu_name`, `menu_name_bn`, `menu_parent_id`, `menu_is_active`, `menu_icon_class`, `menu_dynamic_route_id`, `created_at`, `updated_at`, `created_by`, `updated_by`) VALUES
(1, 'Dashboard', 'ড্যাশবোর্ড', NULL, 1, 'ik-home', 1, '2021-07-06 14:13:34', NULL, 1, NULL),
(36, 'Products', 'Products', NULL, 1, 'ik ik-home', NULL, '2021-09-22 05:55:27', '2021-09-22 05:55:27', 92, NULL),
(37, 'Create product', 'Create product', 36, 1, NULL, 254, '2021-09-22 05:55:57', '2021-09-22 05:55:57', 92, NULL),
(38, 'All product', 'All product', 36, 1, NULL, 257, '2021-09-22 06:21:23', '2021-09-22 06:21:23', 92, 92);

-- --------------------------------------------------------

--
-- Table structure for table `migrations`
--

CREATE TABLE `migrations` (
  `id` int(10) UNSIGNED NOT NULL,
  `migration` varchar(255) COLLATE utf8mb4_unicode_ci NOT NULL,
  `batch` int(11) NOT NULL
) ENGINE=InnoDB DEFAULT CHARSET=utf8mb4 COLLATE=utf8mb4_unicode_ci;

--
-- Dumping data for table `migrations`
--

INSERT INTO `migrations` (`id`, `migration`, `batch`) VALUES
(1, '2014_10_12_000000_create_users_table', 1),
(2, '2014_10_12_100000_create_password_resets_table', 1),
(3, '2019_08_19_000000_create_failed_jobs_table', 1),
(4, '2019_12_14_000001_create_personal_access_tokens_table', 1);

-- --------------------------------------------------------

--
-- Table structure for table `password_resets`
--

CREATE TABLE `password_resets` (
  `email` varchar(255) COLLATE utf8mb4_unicode_ci NOT NULL,
  `token` varchar(255) COLLATE utf8mb4_unicode_ci NOT NULL,
  `created_at` timestamp NULL DEFAULT NULL
) ENGINE=InnoDB DEFAULT CHARSET=utf8mb4 COLLATE=utf8mb4_unicode_ci;

-- --------------------------------------------------------

--
-- Table structure for table `permission_roles`
--

CREATE TABLE `permission_roles` (
  `id` bigint(20) UNSIGNED NOT NULL,
  `role_id` bigint(20) UNSIGNED NOT NULL,
  `dynamic_route_id` bigint(20) UNSIGNED NOT NULL,
  `url` varchar(255) COLLATE utf8mb4_unicode_ci DEFAULT NULL,
  `created_at` timestamp NULL DEFAULT NULL,
  `updated_at` timestamp NULL DEFAULT NULL
) ENGINE=InnoDB DEFAULT CHARSET=utf8mb4 COLLATE=utf8mb4_unicode_ci ROW_FORMAT=DYNAMIC;

--
-- Dumping data for table `permission_roles`
--

INSERT INTO `permission_roles` (`id`, `role_id`, `dynamic_route_id`, `url`, `created_at`, `updated_at`) VALUES
(6978, 14, 1, 'adminDashboard', '2021-03-25 05:12:19', '2021-03-25 05:12:19'),
(6979, 14, 91, 'admin/change_password', '2021-03-25 05:12:19', '2021-03-25 05:12:19'),
(6980, 14, 92, 'admin/save_change_password', '2021-03-25 05:12:19', '2021-03-25 05:12:19'),
(9504, 12, 1, 'adminDashboard', '2021-04-18 15:13:37', '2021-04-18 15:13:37'),
(9505, 12, 91, 'admin/change_password', '2021-04-18 15:13:37', '2021-04-18 15:13:37'),
(9506, 12, 92, 'admin/save_change_password', '2021-04-18 15:13:37', '2021-04-18 15:13:37'),
(9508, 12, 9, 'all_user', '2021-04-18 15:13:37', '2021-04-18 15:13:37'),
(10432, 17, 1, 'adminDashboard', '2021-06-10 07:09:52', '2021-06-10 07:09:52'),
(10433, 17, 91, 'admin/change_password', '2021-06-10 07:09:52', '2021-06-10 07:09:52'),
(10434, 17, 92, 'admin/save_change_password', '2021-06-10 07:09:52', '2021-06-10 07:09:52'),
(10467, 16, 1, 'adminDashboard', '2021-06-24 06:43:48', '2021-06-24 06:43:48'),
(10468, 16, 91, 'admin/change_password', '2021-06-24 06:43:48', '2021-06-24 06:43:48'),
(10469, 16, 92, 'admin/save_change_password', '2021-06-24 06:43:48', '2021-06-24 06:43:48'),
(10470, 16, 9, 'all_user', '2021-06-24 06:43:48', '2021-06-24 06:43:48'),
(10471, 16, 93, 'edit_user', '2021-06-24 06:43:48', '2021-06-24 06:43:48'),
(10472, 16, 94, 'upadte_user', '2021-06-24 06:43:48', '2021-06-24 06:43:48'),
(10473, 16, 95, 'suspend_user', '2021-06-24 06:43:48', '2021-06-24 06:43:48'),
(10474, 16, 96, 'unsuspend_user', '2021-06-24 06:43:48', '2021-06-24 06:43:48'),
(10475, 16, 130, 'test', '2021-06-24 06:43:48', '2021-06-24 06:43:48'),
(13225, 11, 1, 'adminDashboard', '2021-09-23 07:27:04', '2021-09-23 07:27:04'),
(13226, 11, 91, 'admin/change_password', '2021-09-23 07:27:04', '2021-09-23 07:27:04'),
(13227, 11, 92, 'admin/save_change_password', '2021-09-23 07:27:04', '2021-09-23 07:27:04'),
(13228, 11, 3, 'dynamic_route', '2021-09-23 07:27:04', '2021-09-23 07:27:04'),
(13229, 11, 4, 'dynamic_route', '2021-09-23 07:27:04', '2021-09-23 07:27:04'),
(13230, 11, 14, 'delete_route', '2021-09-23 07:27:04', '2021-09-23 07:27:04'),
(13231, 11, 16, 'edit_route', '2021-09-23 07:27:04', '2021-09-23 07:27:04'),
(13232, 11, 19, 'update_route', '2021-09-23 07:27:04', '2021-09-23 07:27:04'),
(13233, 11, 5, 'role/all_role', '2021-09-23 07:27:04', '2021-09-23 07:27:04'),
(13234, 11, 6, 'role/add_role', '2021-09-23 07:27:04', '2021-09-23 07:27:04'),
(13235, 11, 8, 'save_role', '2021-09-23 07:27:04', '2021-09-23 07:27:04'),
(13236, 11, 11, 'edit_role', '2021-09-23 07:27:04', '2021-09-23 07:27:04'),
(13237, 11, 12, 'update_role', '2021-09-23 07:27:04', '2021-09-23 07:27:04'),
(13238, 11, 13, 'delete_role', '2021-09-23 07:27:04', '2021-09-23 07:27:04'),
(13239, 11, 9, 'all_user', '2021-09-23 07:27:04', '2021-09-23 07:27:04'),
(13240, 11, 10, 'save_user', '2021-09-23 07:27:04', '2021-09-23 07:27:04'),
(13241, 11, 93, 'edit_user', '2021-09-23 07:27:04', '2021-09-23 07:27:04'),
(13242, 11, 94, 'upadte_user', '2021-09-23 07:27:04', '2021-09-23 07:27:04'),
(13243, 11, 95, 'suspend_user', '2021-09-23 07:27:04', '2021-09-23 07:27:04'),
(13244, 11, 96, 'unsuspend_user', '2021-09-23 07:27:04', '2021-09-23 07:27:04'),
(13245, 11, 127, 'delete_user', '2021-09-23 07:27:04', '2021-09-23 07:27:04'),
(13246, 11, 130, 'test', '2021-09-23 07:27:04', '2021-09-23 07:27:04'),
(13247, 11, 131, 'menu/menu_create', '2021-09-23 07:27:04', '2021-09-23 07:27:04'),
(13248, 11, 133, 'menu/menu_save', '2021-09-23 07:27:04', '2021-09-23 07:27:04'),
(13249, 11, 134, 'menu/all_menu', '2021-09-23 07:27:04', '2021-09-23 07:27:04'),
(13250, 11, 135, 'menu/menu_search', '2021-09-23 07:27:04', '2021-09-23 07:27:04'),
(13251, 11, 138, 'menu/edit_menu', '2021-09-23 07:27:04', '2021-09-23 07:27:04'),
(13252, 11, 139, 'menu/update_menu', '2021-09-23 07:27:04', '2021-09-23 07:27:04'),
(13259, 18, 1, 'adminDashboard', '2021-09-27 00:27:50', '2021-09-27 00:27:50'),
(13260, 18, 91, 'admin/change_password', '2021-09-27 00:27:50', '2021-09-27 00:27:50'),
(13261, 18, 92, 'admin/save_change_password', '2021-09-27 00:27:50', '2021-09-27 00:27:50');

-- --------------------------------------------------------

--
-- Table structure for table `personal_access_tokens`
--

CREATE TABLE `personal_access_tokens` (
  `id` bigint(20) UNSIGNED NOT NULL,
  `tokenable_type` varchar(255) COLLATE utf8mb4_unicode_ci NOT NULL,
  `tokenable_id` bigint(20) UNSIGNED NOT NULL,
  `name` varchar(255) COLLATE utf8mb4_unicode_ci NOT NULL,
  `token` varchar(64) COLLATE utf8mb4_unicode_ci NOT NULL,
  `abilities` text COLLATE utf8mb4_unicode_ci DEFAULT NULL,
  `last_used_at` timestamp NULL DEFAULT NULL,
  `created_at` timestamp NULL DEFAULT NULL,
  `updated_at` timestamp NULL DEFAULT NULL
) ENGINE=InnoDB DEFAULT CHARSET=utf8mb4 COLLATE=utf8mb4_unicode_ci;

-- --------------------------------------------------------

--
-- Table structure for table `roles`
--

CREATE TABLE `roles` (
  `id` bigint(20) UNSIGNED NOT NULL,
  `name` varchar(255) COLLATE utf8mb4_unicode_ci NOT NULL,
  `slag` varchar(255) COLLATE utf8mb4_unicode_ci DEFAULT NULL,
  `created_at` timestamp NULL DEFAULT NULL,
  `updated_at` timestamp NULL DEFAULT NULL
) ENGINE=InnoDB DEFAULT CHARSET=utf8mb4 COLLATE=utf8mb4_unicode_ci ROW_FORMAT=DYNAMIC;

--
-- Dumping data for table `roles`
--

INSERT INTO `roles` (`id`, `name`, `slag`, `created_at`, `updated_at`) VALUES
(11, 'Super Admin', 'super_admin', '2021-01-12 00:43:52', '2021-01-12 00:43:52'),
(12, 'Admin', 'admin', '2021-01-21 02:25:27', '2021-01-21 02:25:27'),
(14, 'Accounts', 'accounts', '2021-01-21 02:31:02', '2021-01-21 02:31:02'),
(16, 'SubAdmin', 'subadmin', '2021-04-26 17:53:50', '2021-04-26 17:53:50'),
(17, 'test', 'test', '2021-06-10 07:09:52', '2021-06-10 07:09:52'),
(18, 'ratin_update', 'ratin_update', '2021-09-27 00:27:50', '2021-09-27 00:27:50');

-- --------------------------------------------------------

--
-- Table structure for table `users`
--

CREATE TABLE `users` (
  `id` int(10) UNSIGNED NOT NULL,
  `name` varchar(86) COLLATE utf8_unicode_ci DEFAULT NULL,
  `lastname` varchar(86) COLLATE utf8_unicode_ci DEFAULT NULL,
  `mobile` varchar(16) COLLATE utf8_unicode_ci DEFAULT NULL,
  `email` varchar(124) COLLATE utf8_unicode_ci DEFAULT NULL,
  `password` varchar(124) COLLATE utf8_unicode_ci DEFAULT NULL,
  `status_id` tinyint(1) DEFAULT 1 COMMENT '1=Active,0=Inactive,2=Deleted',
  `created_at` datetime NOT NULL,
  `created_by` int(10) UNSIGNED DEFAULT NULL,
  `updated_at` datetime DEFAULT NULL,
  `version` int(11) DEFAULT NULL,
  `remember_token` varchar(255) COLLATE utf8_unicode_ci DEFAULT NULL,
  `role_id` int(11) DEFAULT NULL,
  `type` varchar(255) COLLATE utf8_unicode_ci DEFAULT 'user'
) ENGINE=InnoDB DEFAULT CHARSET=utf8 COLLATE=utf8_unicode_ci ROW_FORMAT=DYNAMIC;

--
-- Dumping data for table `users`
--

INSERT INTO `users` (`id`, `name`, `lastname`, `mobile`, `email`, `password`, `status_id`, `created_at`, `created_by`, `updated_at`, `version`, `remember_token`, `role_id`, `type`) VALUES
(92, 'Super Admin', '', '01761955765', 'admin@gmail.com', '$2y$10$9LVl8Xz0Ps2S2cUZ14c8e.QOho1XfDdB96.AlX9GmPzQJOONtYmJu', 1, '2021-02-07 11:07:04', 85, '2021-04-08 17:09:31', 1, '0wyQVJMY9KpLj3lJi6ycemQhzPTjPVGv8KeqCcQXBR5TDkN5TBEXE5EM09sq', 11, 'admin'),
(105, 'rhythms', NULL, '01761955765', 'rhythms@outlook.com', '$2y$12$8K5vJYIUMomXvJ4v6reHfeX55kn6dxus5u1Cff6SdE0DJ.VGPvDjK', 1, '2021-06-10 12:31:09', 92, '2021-06-10 14:06:14', NULL, NULL, 16, 'admin');

--
-- Indexes for dumped tables
--

--
-- Indexes for table `dynamic_routes`
--
ALTER TABLE `dynamic_routes`
  ADD PRIMARY KEY (`id`) USING BTREE,
  ADD KEY `url` (`url`) USING BTREE,
  ADD KEY `model_name` (`model_name`) USING BTREE,
  ADD KEY `controller_action` (`controller_action`) USING BTREE,
  ADD KEY `method` (`method`) USING BTREE,
  ADD KEY `show_in_menu` (`show_in_menu`) USING BTREE,
  ADD KEY `ajax` (`ajax`) USING BTREE;

--
-- Indexes for table `failed_jobs`
--
ALTER TABLE `failed_jobs`
  ADD PRIMARY KEY (`id`),
  ADD UNIQUE KEY `failed_jobs_uuid_unique` (`uuid`);

--
-- Indexes for table `master_menu`
--
ALTER TABLE `master_menu`
  ADD PRIMARY KEY (`id`) USING BTREE,
  ADD KEY `fk_menu_parent_id` (`menu_parent_id`) USING BTREE;

--
-- Indexes for table `migrations`
--
ALTER TABLE `migrations`
  ADD PRIMARY KEY (`id`);

--
-- Indexes for table `password_resets`
--
ALTER TABLE `password_resets`
  ADD KEY `password_resets_email_index` (`email`);

--
-- Indexes for table `permission_roles`
--
ALTER TABLE `permission_roles`
  ADD PRIMARY KEY (`id`) USING BTREE,
  ADD KEY `permission_roles_role_id_foreign` (`role_id`) USING BTREE,
  ADD KEY `permission_roles_dynamic_route_id_foreign` (`dynamic_route_id`) USING BTREE,
  ADD KEY `dynamic_route_id` (`dynamic_route_id`) USING BTREE,
  ADD KEY `role_id` (`role_id`) USING BTREE;

--
-- Indexes for table `personal_access_tokens`
--
ALTER TABLE `personal_access_tokens`
  ADD PRIMARY KEY (`id`),
  ADD UNIQUE KEY `personal_access_tokens_token_unique` (`token`),
  ADD KEY `personal_access_tokens_tokenable_type_tokenable_id_index` (`tokenable_type`,`tokenable_id`);

--
-- Indexes for table `roles`
--
ALTER TABLE `roles`
  ADD PRIMARY KEY (`id`) USING BTREE,
  ADD UNIQUE KEY `roles_name_unique` (`name`) USING BTREE;

--
-- Indexes for table `users`
--
ALTER TABLE `users`
  ADD PRIMARY KEY (`id`) USING BTREE,
  ADD KEY `role_id` (`role_id`) USING BTREE,
  ADD KEY `type` (`type`) USING BTREE;

--
-- AUTO_INCREMENT for dumped tables
--

--
-- AUTO_INCREMENT for table `dynamic_routes`
--
ALTER TABLE `dynamic_routes`
  MODIFY `id` bigint(20) UNSIGNED NOT NULL AUTO_INCREMENT, AUTO_INCREMENT=260;

--
-- AUTO_INCREMENT for table `failed_jobs`
--
ALTER TABLE `failed_jobs`
  MODIFY `id` bigint(20) UNSIGNED NOT NULL AUTO_INCREMENT;

--
-- AUTO_INCREMENT for table `master_menu`
--
ALTER TABLE `master_menu`
  MODIFY `id` bigint(20) UNSIGNED NOT NULL AUTO_INCREMENT, AUTO_INCREMENT=39;

--
-- AUTO_INCREMENT for table `migrations`
--
ALTER TABLE `migrations`
  MODIFY `id` int(10) UNSIGNED NOT NULL AUTO_INCREMENT, AUTO_INCREMENT=5;

--
-- AUTO_INCREMENT for table `permission_roles`
--
ALTER TABLE `permission_roles`
  MODIFY `id` bigint(20) UNSIGNED NOT NULL AUTO_INCREMENT, AUTO_INCREMENT=13262;

--
-- AUTO_INCREMENT for table `personal_access_tokens`
--
ALTER TABLE `personal_access_tokens`
  MODIFY `id` bigint(20) UNSIGNED NOT NULL AUTO_INCREMENT;

--
-- AUTO_INCREMENT for table `roles`
--
ALTER TABLE `roles`
  MODIFY `id` bigint(20) UNSIGNED NOT NULL AUTO_INCREMENT, AUTO_INCREMENT=19;

--
-- AUTO_INCREMENT for table `users`
--
ALTER TABLE `users`
  MODIFY `id` int(10) UNSIGNED NOT NULL AUTO_INCREMENT, AUTO_INCREMENT=106;

--
-- Constraints for dumped tables
--

--
-- Constraints for table `master_menu`
--
ALTER TABLE `master_menu`
  ADD CONSTRAINT `fk_menu_parent_id` FOREIGN KEY (`menu_parent_id`) REFERENCES `master_menu` (`id`);

--
-- Constraints for table `permission_roles`
--
ALTER TABLE `permission_roles`
  ADD CONSTRAINT `permission_roles_ibfk_1` FOREIGN KEY (`dynamic_route_id`) REFERENCES `dynamic_routes` (`id`) ON DELETE CASCADE,
  ADD CONSTRAINT `permission_roles_ibfk_2` FOREIGN KEY (`role_id`) REFERENCES `roles` (`id`) ON DELETE CASCADE;
COMMIT;

/*!40101 SET CHARACTER_SET_CLIENT=@OLD_CHARACTER_SET_CLIENT */;
/*!40101 SET CHARACTER_SET_RESULTS=@OLD_CHARACTER_SET_RESULTS */;
/*!40101 SET COLLATION_CONNECTION=@OLD_COLLATION_CONNECTION */;
